"SystemCodeNumber","Timestamp","Occupancy","Capacity","t","occupancy_rate","price","price_change_factor","pricing_model","time","diff"
"BHMNCPHST01","2016-10-04 07:59:00","237","1200","2016-10-04T07:59:00.000000000","0.1975","20.0","0.009875000000000002","Model1_Baseline","1751867899912","1"
"BHMNCPNST01","2016-10-04 07:59:00","249","485","2016-10-04T07:59:00.000000000","0.51340206185567","20.0","0.025670103092783503","Model1_Baseline","1751867899912","1"
"BHMBCCTHL01","2016-10-04 07:59:00","120","387","2016-10-04T07:59:00.000000000","0.31007751937984496","20.0","0.015503875968992248","Model1_Baseline","1751867899912","1"
"BHMEURBRD01","2016-10-04 07:59:00","117","470","2016-10-04T07:59:00.000000000","0.24893617021276596","20.0","0.0124468085106383","Model1_Baseline","1751867899912","1"
"BHMMBMMBX01","2016-10-04 07:59:00","264","687","2016-10-04T07:59:00.000000000","0.38427947598253276","20.0","0.01921397379912664","Model1_Baseline","1751867899912","1"
"BHMBCCMKT01","2016-10-04 07:59:00","61","577","2016-10-04T07:59:00.000000000","0.10571923743500866","20.0","0.005285961871750434","Model1_Baseline","1751867899912","1"
"Shopping","2016-10-04 07:59:00","614","1920","2016-10-04T07:59:00.000000000","0.31979166666666664","20.0","0.01598958333333333","Model1_Baseline","1751867899912","1"
"Others-CCCPS8","2016-10-04 07:59:00","445","1322","2016-10-04T07:59:00.000000000","0.33661119515885024","20.0","0.016830559757942513","Model1_Baseline","1751867899912","1"
"Others-CCCPS105a","2016-10-04 07:59:00","709","2009","2016-10-04T07:59:00.000000000","0.35291189646590343","20.0","0.017645594823295172","Model1_Baseline","1751867899912","1"
"Broad Street","2016-10-04 07:59:00","178","690","2016-10-04T07:59:00.000000000","0.2579710144927536","20.0","0.012898550724637681","Model1_Baseline","1751867899912","1"
"Others-CCCPS119a","2016-10-04 07:59:00","195","2803","2016-10-04T07:59:00.000000000","0.06956831965750981","20.0","0.003478415982875491","Model1_Baseline","1751867899912","1"
"Others-CCCPS135a","2016-10-04 07:59:00","1081","3883","2016-10-04T07:59:00.000000000","0.27839299510687615","20.0","0.013919649755343808","Model1_Baseline","1751867899926","1"
"BHMEURBRD01","2016-10-04 08:25:00","174","470","2016-10-04T08:25:00.000000000","0.3702127659574468","20.0","0.01851063829787234","Model1_Baseline","1751867901128","1"
"Shopping","2016-10-04 08:59:00","958","1920","2016-10-04T08:59:00.000000000","0.49895833333333334","20.0","0.024947916666666667","Model1_Baseline","1751867901128","1"
"Broad Street","2016-10-04 08:59:00","415","690","2016-10-04T08:59:00.000000000","0.6014492753623188","20.0","0.030072463768115943","Model1_Baseline","1751867901128","1"
"Others-CCCPS119a","2016-10-04 08:59:00","323","2803","2016-10-04T08:59:00.000000000","0.11523367820192651","20.0","0.005761683910096326","Model1_Baseline","1751867901128","1"
"Others-CCCPS8","2016-10-04 08:25:00","478","1322","2016-10-04T08:25:00.000000000","0.3615733736762481","20.0","0.018078668683812405","Model1_Baseline","1751867901128","1"
"Others-CCCPS98","2016-10-04 09:32:00","932","3103","2016-10-04T09:32:00.000000000","0.30035449564937156","20.0","0.01501772478246858","Model1_Baseline","1751867901128","1"
"Others-CCCPS8","2016-10-04 09:32:00","590","1322","2016-10-04T09:32:00.000000000","0.4462934947049924","20.0","0.02231467473524962","Model1_Baseline","1751867901128","1"
"BHMNCPNST01","2016-10-04 08:59:00","278","485","2016-10-04T08:59:00.000000000","0.5731958762886598","20.0","0.02865979381443299","Model1_Baseline","1751867901128","1"
"Broad Street","2016-10-04 08:25:00","269","690","2016-10-04T08:25:00.000000000","0.3898550724637681","20.0","0.019492753623188405","Model1_Baseline","1751867901128","1"
"Others-CCCPS135a","2016-10-04 08:25:00","1467","3883","2016-10-04T08:25:00.000000000","0.3778006695853721","20.0","0.018890033479268608","Model1_Baseline","1751867901128","1"
"Others-CCCPS105a","2016-10-04 09:32:00","1004","2009","2016-10-04T09:32:00.000000000","0.4997511199601792","20.0","0.024987555998008962","Model1_Baseline","1751867901128","1"
"Others-CCCPS202","2016-10-04 08:25:00","665","2937","2016-10-04T08:25:00.000000000","0.22642151855635","20.0","0.011321075927817502","Model1_Baseline","1751867901128","1"
"Others-CCCPS135a","2016-10-04 08:59:00","2007","3883","2016-10-04T08:59:00.000000000","0.516868400721092","20.0","0.0258434200360546","Model1_Baseline","1751867901128","1"
"BHMBCCMKT01","2016-10-04 08:59:00","80","577","2016-10-04T08:59:00.000000000","0.1386481802426343","20.0","0.006932409012131716","Model1_Baseline","1751867901128","1"
"BHMEURBRD01","2016-10-04 09:32:00","351","470","2016-10-04T09:32:00.000000000","0.7468085106382979","20.0","0.0373404255319149","Model1_Baseline","1751867901128","1"
"BHMEURBRD01","2016-10-04 08:59:00","269","470","2016-10-04T08:59:00.000000000","0.5723404255319149","20.0","0.028617021276595746","Model1_Baseline","1751867901128","1"
"Others-CCCPS119a","2016-10-04 09:32:00","420","2803","2016-10-04T09:32:00.000000000","0.14983945772386728","20.0","0.007491972886193365","Model1_Baseline","1751867901128","1"
"Shopping","2016-10-04 09:59:00","1254","1920","2016-10-04T09:59:00.000000000","0.653125","20.0","0.03265625","Model1_Baseline","1751867901128","1"
"Others-CCCPS105a","2016-10-04 08:25:00","780","2009","2016-10-04T08:25:00.000000000","0.38825286212045795","20.0","0.0194126431060229","Model1_Baseline","1751867901128","1"
"Broad Street","2016-10-04 09:32:00","530","690","2016-10-04T09:32:00.000000000","0.7681159420289855","20.0","0.03840579710144928","Model1_Baseline","1751867901128","1"
"Others-CCCPS98","2016-10-04 08:59:00","792","3103","2016-10-04T08:59:00.000000000","0.25523686754753466","20.0","0.012761843377376734","Model1_Baseline","1751867901128","1"
"Shopping","2016-10-04 08:25:00","761","1920","2016-10-04T08:25:00.000000000","0.3963541666666667","20.0","0.019817708333333336","Model1_Baseline","1751867901128","1"
"BHMEURBRD01","2016-10-04 09:59:00","397","470","2016-10-04T09:59:00.000000000","0.8446808510638298","20.0","0.04223404255319149","Model1_Baseline","1751867901128","1"
"BHMNCPHST01","2016-10-04 08:25:00","315","1200","2016-10-04T08:25:00.000000000","0.2625","20.0","0.013125000000000001","Model1_Baseline","1751867901128","1"
"Shopping","2016-10-04 09:32:00","1121","1920","2016-10-04T09:32:00.000000000","0.5838541666666667","20.0","0.029192708333333334","Model1_Baseline","1751867901128","1"
"BHMBCCMKT01","2016-10-04 09:32:00","107","577","2016-10-04T09:32:00.000000000","0.1854419410745234","20.0","0.00927209705372617","Model1_Baseline","1751867901128","1"
"BHMNCPNST01","2016-10-04 09:32:00","302","485","2016-10-04T09:32:00.000000000","0.622680412371134","20.0","0.031134020618556704","Model1_Baseline","1751867901128","1"
"BHMMBMMBX01","2016-10-04 08:25:00","302","687","2016-10-04T08:25:00.000000000","0.4395924308588064","20.0","0.021979621542940322","Model1_Baseline","1751867901128","1"
"BHMBCCTHL01","2016-10-04 09:32:00","204","387","2016-10-04T09:32:00.000000000","0.5271317829457365","20.0","0.026356589147286825","Model1_Baseline","1751867901128","1"
"Others-CCCPS105a","2016-10-04 08:59:00","864","2009","2016-10-04T08:59:00.000000000","0.4300647088103534","20.0","0.021503235440517673","Model1_Baseline","1751867901128","1"
"BHMNCPHST01","2016-10-04 09:59:00","638","1200","2016-10-04T09:59:00.000000000","0.5316666666666666","20.0","0.026583333333333334","Model1_Baseline","1751867901128","1"
"BHMBCCTHL01","2016-10-04 08:25:00","129","387","2016-10-04T08:25:00.000000000","0.3333333333333333","20.0","0.016666666666666666","Model1_Baseline","1751867901128","1"
"BHMMBMMBX01","2016-10-04 09:32:00","414","687","2016-10-04T09:32:00.000000000","0.6026200873362445","20.0","0.030131004366812226","Model1_Baseline","1751867901128","1"
"BHMBCCTHL01","2016-10-04 08:59:00","155","387","2016-10-04T08:59:00.000000000","0.4005167958656331","20.0","0.020025839793281656","Model1_Baseline","1751867901128","1"
"BHMMBMMBX01","2016-10-04 08:59:00","346","687","2016-10-04T08:59:00.000000000","0.5036390101892285","20.0","0.025181950509461426","Model1_Baseline","1751867901128","1"
"Others-CCCPS135a","2016-10-04 09:32:00","2502","3883","2016-10-04T09:32:00.000000000","0.6443471542621684","20.0","0.03221735771310842","Model1_Baseline","1751867901128","1"
"BHMBCCTHL01","2016-10-04 09:59:00","236","387","2016-10-04T09:59:00.000000000","0.6098191214470284","20.0","0.030490956072351423","Model1_Baseline","1751867901128","1"
"Others-CCCPS98","2016-10-04 07:59:00","588","3103","2016-10-04T07:59:00.000000000","0.1894940380277151","20.0","0.009474701901385756","Model1_Baseline","1751867901128","1"
"Others-CCCPS119a","2016-10-04 08:25:00","238","2803","2016-10-04T08:25:00.000000000","0.0849090260435248","20.0","0.00424545130217624","Model1_Baseline","1751867901128","1"
"Others-CCCPS202","2016-10-04 08:59:00","848","2937","2016-10-04T08:59:00.000000000","0.28872999659516513","20.0","0.014436499829758257","Model1_Baseline","1751867901128","1"
"Others-CCCPS98","2016-10-04 09:59:00","1052","3103","2016-10-04T09:59:00.000000000","0.33902674830808893","20.0","0.016951337415404447","Model1_Baseline","1751867901128","1"
"BHMNCPHST01","2016-10-04 09:32:00","552","1200","2016-10-04T09:32:00.000000000","0.46","20.0","0.023000000000000003","Model1_Baseline","1751867901128","1"
"Others-CCCPS119a","2016-10-04 09:59:00","476","2803","2016-10-04T09:59:00.000000000","0.1698180520870496","20.0","0.00849090260435248","Model1_Baseline","1751867901128","1"
"Others-CCCPS105a","2016-10-04 09:59:00","1142","2009","2016-10-04T09:59:00.000000000","0.5684420109507218","20.0","0.02842210054753609","Model1_Baseline","1751867901128","1"
"BHMNCPHST01","2016-10-04 08:59:00","441","1200","2016-10-04T08:59:00.000000000","0.3675","20.0","0.018375","Model1_Baseline","1751867901128","1"
"Others-CCCPS98","2016-10-04 08:25:00","678","3103","2016-10-04T08:25:00.000000000","0.21849822752175313","20.0","0.010924911376087657","Model1_Baseline","1751867901128","1"
"Others-CCCPS8","2016-10-04 08:59:00","518","1322","2016-10-04T08:59:00.000000000","0.3918305597579425","20.0","0.019591527987897126","Model1_Baseline","1751867901128","1"
"Others-CCCPS202","2016-10-04 09:32:00","1036","2937","2016-10-04T09:32:00.000000000","0.35274089206673476","20.0","0.01763704460333674","Model1_Baseline","1751867901128","1"
"Others-CCCPS8","2016-10-04 09:59:00","657","1322","2016-10-04T09:59:00.000000000","0.4969742813918306","20.0","0.02484871406959153","Model1_Baseline","1751867901128","1"
"BHMNCPNST01","2016-10-04 08:25:00","267","485","2016-10-04T08:25:00.000000000","0.5505154639175258","20.0","0.02752577319587629","Model1_Baseline","1751867901128","1"
"BHMBCCMKT01","2016-10-04 08:25:00","64","577","2016-10-04T08:25:00.000000000","0.11091854419410745","20.0","0.005545927209705373","Model1_Baseline","1751867901128","1"
"Others-CCCPS202","2016-10-04 07:59:00","547","2937","2016-10-04T07:59:00.000000000","0.18624446714334356","20.0","0.009312223357167177","Model1_Baseline","1751867901128","1"
"Others-CCCPS202","2016-10-04 09:59:00","1163","2937","2016-10-04T09:59:00.000000000","0.39598229485869935","20.0","0.01979911474293497","Model1_Baseline","1751867901150","1"
"Broad Street","2016-10-04 09:59:00","600","690","2016-10-04T09:59:00.000000000","0.8695652173913043","20.0","0.043478260869565216","Model1_Baseline","1751867901154","1"
"BHMNCPNST01","2016-10-04 09:59:00","327","485","2016-10-04T09:59:00.000000000","0.6742268041237114","20.0","0.03371134020618557","Model1_Baseline","1751867901174","1"
"BHMBCCMKT01","2016-10-04 09:59:00","150","577","2016-10-04T09:59:00.000000000","0.25996533795493937","20.0","0.012998266897746968","Model1_Baseline","1751867901174","1"
"BHMBCCMKT01","2016-10-04 10:59:00","219","577","2016-10-04T10:59:00.000000000","0.37954939341421146","20.0","0.018977469670710574","Model1_Baseline","1751867901866","1"
"BHMNCPHST01","2016-10-04 10:59:00","729","1200","2016-10-04T10:59:00.000000000","0.6075","20.0","0.030375000000000003","Model1_Baseline","1751867901866","1"
"Others-CCCPS105a","2016-10-04 11:59:00","1470","2009","2016-10-04T11:59:00.000000000","0.7317073170731707","20.0","0.036585365853658534","Model1_Baseline","1751867901866","1"
"BHMEURBRD01","2016-10-04 10:26:00","430","470","2016-10-04T10:26:00.000000000","0.9148936170212766","20.0","0.04574468085106383","Model1_Baseline","1751867901866","1"
"Others-CCCPS202","2016-10-04 10:26:00","1257","2937","2016-10-04T10:26:00.000000000","0.4279877425944842","20.0","0.02139938712972421","Model1_Baseline","1751867901866","1"
"Others-CCCPS135a","2016-10-04 10:59:00","3169","3883","2016-10-04T10:59:00.000000000","0.816121555498326","20.0","0.0408060777749163","Model1_Baseline","1751867901866","1"
"Others-CCCPS119a","2016-10-04 10:59:00","574","2803","2016-10-04T10:59:00.000000000","0.20478059222261863","20.0","0.010239029611130933","Model1_Baseline","1751867901866","1"
"BHMNCPNST01","2016-10-04 11:25:00","373","485","2016-10-04T11:25:00.000000000","0.7690721649484537","20.0","0.03845360824742269","Model1_Baseline","1751867901866","1"
"Others-CCCPS119a","2016-10-04 10:26:00","525","2803","2016-10-04T10:26:00.000000000","0.1872993221548341","20.0","0.009364966107741705","Model1_Baseline","1751867901866","1"
"Others-CCCPS8","2016-10-04 11:25:00","820","1322","2016-10-04T11:25:00.000000000","0.6202723146747352","20.0","0.03101361573373676","Model1_Baseline","1751867901866","1"
"BHMEURBRD01","2016-10-04 10:59:00","458","470","2016-10-04T10:59:00.000000000","0.9744680851063829","20.0","0.04872340425531915","Model1_Baseline","1751867901866","1"
"Others-CCCPS105a","2016-10-04 10:26:00","1245","2009","2016-10-04T10:26:00.000000000","0.6197112991538078","20.0","0.030985564957690392","Model1_Baseline","1751867901866","1"
"Others-CCCPS98","2016-10-04 11:59:00","1288","3103","2016-10-04T11:59:00.000000000","0.41508217853689977","20.0","0.02075410892684499","Model1_Baseline","1751867901866","1"
"Broad Street","2016-10-04 11:25:00","672","690","2016-10-04T11:25:00.000000000","0.9739130434782609","20.0","0.04869565217391305","Model1_Baseline","1751867901866","1"
"Others-CCCPS202","2016-10-04 10:59:00","1354","2937","2016-10-04T10:59:00.000000000","0.4610146407899217","20.0","0.023050732039496088","Model1_Baseline","1751867901866","1"
"BHMMBMMBX01","2016-10-04 10:59:00","573","687","2016-10-04T10:59:00.000000000","0.834061135371179","20.0","0.041703056768558955","Model1_Baseline","1751867901866","1"
"BHMNCPHST01","2016-10-04 11:25:00","765","1200","2016-10-04T11:25:00.000000000","0.6375","20.0","0.031875","Model1_Baseline","1751867901866","1"
"Others-CCCPS105a","2016-10-04 11:25:00","1424","2009","2016-10-04T11:25:00.000000000","0.7088103534096566","20.0","0.035440517670482834","Model1_Baseline","1751867901866","1"
"Others-CCCPS135a","2016-10-04 09:59:00","2802","3883","2016-10-04T09:59:00.000000000","0.7216070048931239","20.0","0.036080350244656195","Model1_Baseline","1751867901866","1"
"BHMBCCMKT01","2016-10-04 11:25:00","247","577","2016-10-04T11:25:00.000000000","0.42807625649913345","20.0","0.021403812824956674","Model1_Baseline","1751867901866","1"
"BHMBCCMKT01","2016-10-04 11:59:00","259","577","2016-10-04T11:59:00.000000000","0.4488734835355286","20.0","0.02244367417677643","Model1_Baseline","1751867901866","1"
"Shopping","2016-10-04 10:59:00","1387","1920","2016-10-04T10:59:00.000000000","0.7223958333333333","20.0","0.03611979166666667","Model1_Baseline","1751867901866","1"
"BHMEURBRD01","2016-10-04 11:25:00","464","470","2016-10-04T11:25:00.000000000","0.9872340425531915","20.0","0.04936170212765958","Model1_Baseline","1751867901866","1"
"Others-CCCPS98","2016-10-04 10:59:00","1210","3103","2016-10-04T10:59:00.000000000","0.38994521430873347","20.0","0.019497260715436674","Model1_Baseline","1751867901866","1"
"BHMBCCTHL01","2016-10-04 10:59:00","308","387","2016-10-04T10:59:00.000000000","0.7958656330749354","20.0","0.03979328165374677","Model1_Baseline","1751867901866","1"
"BHMNCPHST01","2016-10-04 10:26:00","686","1200","2016-10-04T10:26:00.000000000","0.5716666666666667","20.0","0.028583333333333336","Model1_Baseline","1751867901866","1"
"BHMBCCTHL01","2016-10-04 11:25:00","324","387","2016-10-04T11:25:00.000000000","0.8372093023255814","20.0","0.041860465116279076","Model1_Baseline","1751867901866","1"
"BHMBCCTHL01","2016-10-04 11:59:00","332","387","2016-10-04T11:59:00.000000000","0.8578811369509044","20.0","0.04289405684754522","Model1_Baseline","1751867901866","1"
"Others-CCCPS8","2016-10-04 11:59:00","836","1322","2016-10-04T11:59:00.000000000","0.632375189107413","20.0","0.03161875945537065","Model1_Baseline","1751867901866","1"
"BHMNCPNST01","2016-10-04 10:26:00","351","485","2016-10-04T10:26:00.000000000","0.7237113402061855","20.0","0.036185567010309276","Model1_Baseline","1751867901866","1"
"BHMNCPNST01","2016-10-04 10:59:00","371","485","2016-10-04T10:59:00.000000000","0.7649484536082474","20.0","0.03824742268041237","Model1_Baseline","1751867901866","1"
"BHMMBMMBX01","2016-10-04 10:26:00","530","687","2016-10-04T10:26:00.000000000","0.7714701601164483","20.0","0.03857350800582242","Model1_Baseline","1751867901866","1"
"Others-CCCPS8","2016-10-04 10:59:00","791","1322","2016-10-04T10:59:00.000000000","0.5983358547655068","20.0","0.02991679273827534","Model1_Baseline","1751867901866","1"
"BHMMBMMBX01","2016-10-04 11:25:00","604","687","2016-10-04T11:25:00.000000000","0.8791848617176128","20.0","0.043959243085880645","Model1_Baseline","1751867901866","1"
"Others-CCCPS119a","2016-10-04 11:59:00","605","2803","2016-10-04T11:59:00.000000000","0.21584017124509455","20.0","0.010792008562254728","Model1_Baseline","1751867901866","1"
"BHMBCCTHL01","2016-10-04 10:26:00","264","387","2016-10-04T10:26:00.000000000","0.6821705426356589","20.0","0.034108527131782945","Model1_Baseline","1751867901866","1"
"Others-CCCPS119a","2016-10-04 11:25:00","588","2803","2016-10-04T11:25:00.000000000","0.2097752408134142","20.0","0.01048876204067071","Model1_Baseline","1751867901866","1"
"Others-CCCPS135a","2016-10-04 11:25:00","3221","3883","2016-10-04T11:25:00.000000000","0.829513262941025","20.0","0.041475663147051256","Model1_Baseline","1751867901866","1"
"BHMBCCMKT01","2016-10-04 10:26:00","177","577","2016-10-04T10:26:00.000000000","0.30675909878682844","20.0","0.015337954939341423","Model1_Baseline","1751867901866","1"
"Others-CCCPS135a","2016-10-04 11:59:00","3248","3883","2016-10-04T11:59:00.000000000","0.836466649497811","20.0","0.041823332474890555","Model1_Baseline","1751867901866","1"
"Others-CCCPS105a","2016-10-04 10:59:00","1364","2009","2016-10-04T10:59:00.000000000","0.6789447486311598","20.0","0.033947237431557996","Model1_Baseline","1751867901866","1"
"Shopping","2016-10-04 10:26:00","1324","1920","2016-10-04T10:26:00.000000000","0.6895833333333333","20.0","0.034479166666666665","Model1_Baseline","1751867901866","1"
"Others-CCCPS202","2016-10-04 11:25:00","1369","2937","2016-10-04T11:25:00.000000000","0.46612189308818525","20.0","0.023306094654409262","Model1_Baseline","1751867901866","1"
"BHMMBMMBX01","2016-10-04 09:59:00","485","687","2016-10-04T09:59:00.000000000","0.7059679767103348","20.0","0.03529839883551674","Model1_Baseline","1751867901866","1"
"Others-CCCPS202","2016-10-04 11:59:00","1390","2937","2016-10-04T11:59:00.000000000","0.47327204630575415","20.0","0.023663602315287708","Model1_Baseline","1751867901866","1"
"Others-CCCPS98","2016-10-04 10:26:00","1142","3103","2016-10-04T10:26:00.000000000","0.368030937802127","20.0","0.01840154689010635","Model1_Baseline","1751867901866","1"
"Shopping","2016-10-04 11:25:00","1428","1920","2016-10-04T11:25:00.000000000","0.74375","20.0","0.037187500000000005","Model1_Baseline","1751867901866","1"
"Broad Street","2016-10-04 10:59:00","675","690","2016-10-04T10:59:00.000000000","0.9782608695652174","20.0","0.04891304347826087","Model1_Baseline","1751867901866","1"
"Others-CCCPS98","2016-10-04 11:25:00","1241","3103","2016-10-04T11:25:00.000000000","0.3999355462455688","20.0","0.019996777312278443","Model1_Baseline","1751867901866","1"
"Others-CCCPS8","2016-10-04 10:26:00","715","1322","2016-10-04T10:26:00.000000000","0.5408472012102874","20.0","0.027042360060514373","Model1_Baseline","1751867901866","1"
"Broad Street","2016-10-04 10:26:00","642","690","2016-10-04T10:26:00.000000000","0.9304347826086956","20.0","0.04652173913043478","Model1_Baseline","1751867901866","1"
"Others-CCCPS135a","2016-10-04 10:26:00","3035","3883","2016-10-04T10:26:00.000000000","0.7816121555498327","20.0","0.03908060777749164","Model1_Baseline","1751867901866","1"
"BHMNCPNST01","2016-10-04 12:29:00","379","485","2016-10-04T12:29:00.000000000","0.7814432989690722","20.0","0.039072164948453614","Model1_Baseline","1751867902588","1"
"BHMNCPNST01","2016-10-04 13:29:00","375","485","2016-10-04T13:29:00.000000000","0.7731958762886598","20.0","0.03865979381443299","Model1_Baseline","1751867902588","1"
"Broad Street","2016-10-04 13:29:00","648","690","2016-10-04T13:29:00.000000000","0.9391304347826087","20.0","0.04695652173913044","Model1_Baseline","1751867902588","1"
"BHMEURBRD01","2016-10-04 13:29:00","450","470","2016-10-04T13:29:00.000000000","0.9574468085106383","20.0","0.04787234042553192","Model1_Baseline","1751867902588","1"
"Others-CCCPS8","2016-10-04 13:02:00","810","1322","2016-10-04T13:02:00.000000000","0.6127080181543116","20.0","0.030635400907715583","Model1_Baseline","1751867902588","1"
"Others-CCCPS119a","2016-10-04 14:02:00","576","2803","2016-10-04T14:02:00.000000000","0.20549411344987514","20.0","0.010274705672493757","Model1_Baseline","1751867902588","1"
"BHMBCCMKT01","2016-10-04 13:29:00","263","577","2016-10-04T13:29:00.000000000","0.4558058925476603","20.0","0.022790294627383016","Model1_Baseline","1751867902588","1"
"Others-CCCPS202","2016-10-04 13:02:00","1367","2937","2016-10-04T13:02:00.000000000","0.4654409261150834","20.0","0.023272046305754173","Model1_Baseline","1751867902588","1"
"BHMNCPNST01","2016-10-04 12:56:00","374","485","2016-10-04T12:56:00.000000000","0.7711340206185567","20.0","0.03855670103092784","Model1_Baseline","1751867902588","1"
"BHMEURBRD01","2016-10-04 13:02:00","458","470","2016-10-04T13:02:00.000000000","0.9744680851063829","20.0","0.04872340425531915","Model1_Baseline","1751867902588","1"
"Others-CCCPS105a","2016-10-04 13:29:00","1459","2009","2016-10-04T13:29:00.000000000","0.726231956197113","20.0","0.03631159780985565","Model1_Baseline","1751867902588","1"
"BHMBCCTHL01","2016-10-04 13:02:00","333","387","2016-10-04T13:02:00.000000000","0.8604651162790697","20.0","0.04302325581395349","Model1_Baseline","1751867902588","1"
"BHMMBMMBX01","2016-10-04 13:02:00","651","687","2016-10-04T13:02:00.000000000","0.9475982532751092","20.0","0.047379912663755464","Model1_Baseline","1751867902588","1"
"BHMNCPNST01","2016-10-04 11:59:00","381","485","2016-10-04T11:59:00.000000000","0.7855670103092783","20.0","0.03927835051546392","Model1_Baseline","1751867902588","1"
"Others-CCCPS98","2016-10-04 13:29:00","1273","3103","2016-10-04T13:29:00.000000000","0.4102481469545601","20.0","0.020512407347728006","Model1_Baseline","1751867902588","1"
"Shopping","2016-10-04 12:29:00","1460","1920","2016-10-04T12:29:00.000000000","0.7604166666666666","20.0","0.03802083333333334","Model1_Baseline","1751867902588","1"
"Others-CCCPS119a","2016-10-04 13:02:00","596","2803","2016-10-04T13:02:00.000000000","0.21262932572244025","20.0","0.010631466286122014","Model1_Baseline","1751867902588","1"
"BHMBCCTHL01","2016-10-04 12:29:00","334","387","2016-10-04T12:29:00.000000000","0.8630490956072352","20.0","0.04315245478036176","Model1_Baseline","1751867902588","1"
"BHMMBMMBX01","2016-10-04 11:59:00","634","687","2016-10-04T11:59:00.000000000","0.9228529839883551","20.0","0.04614264919941776","Model1_Baseline","1751867902588","1"
"Others-CCCPS8","2016-10-04 13:29:00","811","1322","2016-10-04T13:29:00.000000000","0.613464447806354","20.0","0.030673222390317702","Model1_Baseline","1751867902588","1"
"BHMNCPHST01","2016-10-04 13:29:00","758","1200","2016-10-04T13:29:00.000000000","0.6316666666666667","20.0","0.03158333333333334","Model1_Baseline","1751867902588","1"
"Broad Street","2016-10-04 11:59:00","677","690","2016-10-04T11:59:00.000000000","0.981159420289855","20.0","0.04905797101449275","Model1_Baseline","1751867902588","1"
"Others-CCCPS98","2016-10-04 12:29:00","1297","3103","2016-10-04T12:29:00.000000000","0.41798259748630356","20.0","0.020899129874315178","Model1_Baseline","1751867902588","1"
"Others-CCCPS105a","2016-10-04 13:02:00","1461","2009","2016-10-04T13:02:00.000000000","0.7272274763563962","20.0","0.03636137381781981","Model1_Baseline","1751867902588","1"
"BHMEURBRD01","2016-10-04 11:59:00","460","470","2016-10-04T11:59:00.000000000","0.9787234042553191","20.0","0.04893617021276596","Model1_Baseline","1751867902588","1"
"BHMNCPHST01","2016-10-04 11:59:00","771","1200","2016-10-04T11:59:00.000000000","0.6425","20.0","0.032125","Model1_Baseline","1751867902588","1"
"BHMMBMMBX01","2016-10-04 12:29:00","648","687","2016-10-04T12:29:00.000000000","0.9432314410480349","20.0","0.04716157205240175","Model1_Baseline","1751867902588","1"
"Broad Street","2016-10-04 12:29:00","683","690","2016-10-04T12:29:00.000000000","0.9898550724637681","20.0","0.04949275362318841","Model1_Baseline","1751867902588","1"
"BHMEURBRD01","2016-10-04 12:29:00","464","470","2016-10-04T12:29:00.000000000","0.9872340425531915","20.0","0.04936170212765958","Model1_Baseline","1751867902588","1"
"BHMBCCTHL01","2016-10-04 13:29:00","331","387","2016-10-04T13:29:00.000000000","0.8552971576227391","20.0","0.04276485788113696","Model1_Baseline","1751867902588","1"
"Broad Street","2016-10-04 13:02:00","660","690","2016-10-04T13:02:00.000000000","0.9565217391304348","20.0","0.04782608695652174","Model1_Baseline","1751867902588","1"
"Others-CCCPS8","2016-10-04 12:29:00","836","1322","2016-10-04T12:29:00.000000000","0.632375189107413","20.0","0.03161875945537065","Model1_Baseline","1751867902588","1"
"Others-CCCPS202","2016-10-04 12:29:00","1397","2937","2016-10-04T12:29:00.000000000","0.4756554307116105","20.0","0.023782771535580526","Model1_Baseline","1751867902588","1"
"Others-CCCPS105a","2016-10-04 12:29:00","1484","2009","2016-10-04T12:29:00.000000000","0.7386759581881533","20.0","0.03693379790940767","Model1_Baseline","1751867902588","1"
"Shopping","2016-10-04 13:02:00","1448","1920","2016-10-04T13:02:00.000000000","0.7541666666666667","20.0","0.03770833333333334","Model1_Baseline","1751867902588","1"
"Others-CCCPS135a","2016-10-04 13:29:00","3184","3883","2016-10-04T13:29:00.000000000","0.8199845480298739","20.0","0.0409992274014937","Model1_Baseline","1751867902588","1"
"Others-CCCPS135a","2016-10-04 13:02:00","3232","3883","2016-10-04T13:02:00.000000000","0.8323461241308266","20.0","0.04161730620654133","Model1_Baseline","1751867902588","1"
"Others-CCCPS202","2016-10-04 13:29:00","1360","2937","2016-10-04T13:29:00.000000000","0.4630575417092271","20.0","0.023152877085461356","Model1_Baseline","1751867902588","1"
"BHMNCPHST01","2016-10-04 12:29:00","779","1200","2016-10-04T12:29:00.000000000","0.6491666666666667","20.0","0.03245833333333333","Model1_Baseline","1751867902588","1"
"Shopping","2016-10-04 13:29:00","1432","1920","2016-10-04T13:29:00.000000000","0.7458333333333333","20.0","0.03729166666666667","Model1_Baseline","1751867902588","1"
"BHMNCPHST01","2016-10-04 13:02:00","773","1200","2016-10-04T13:02:00.000000000","0.6441666666666667","20.0","0.03220833333333333","Model1_Baseline","1751867902588","1"
"Others-CCCPS135a","2016-10-04 12:29:00","3251","3883","2016-10-04T12:29:00.000000000","0.8372392480041205","20.0","0.04186196240020603","Model1_Baseline","1751867902588","1"
"Others-CCCPS119a","2016-10-04 12:29:00","604","2803","2016-10-04T12:29:00.000000000","0.21548341063146628","20.0","0.010774170531573314","Model1_Baseline","1751867902588","1"
"Others-CCCPS98","2016-10-04 13:02:00","1288","3103","2016-10-04T13:02:00.000000000","0.41508217853689977","20.0","0.02075410892684499","Model1_Baseline","1751867902588","1"
"Shopping","2016-10-04 11:59:00","1447","1920","2016-10-04T11:59:00.000000000","0.7536458333333333","20.0","0.03768229166666667","Model1_Baseline","1751867902588","1"
"BHMBCCMKT01","2016-10-04 12:29:00","266","577","2016-10-04T12:29:00.000000000","0.4610051993067591","20.0","0.023050259965337955","Model1_Baseline","1751867902588","1"
"BHMMBMMBX01","2016-10-04 13:29:00","648","687","2016-10-04T13:29:00.000000000","0.9432314410480349","20.0","0.04716157205240175","Model1_Baseline","1751867902588","1"
"Others-CCCPS119a","2016-10-04 13:29:00","581","2803","2016-10-04T13:29:00.000000000","0.20727791651801641","20.0","0.010363895825900821","Model1_Baseline","1751867902588","1"
"BHMBCCMKT01","2016-10-04 13:02:00","269","577","2016-10-04T13:02:00.000000000","0.4662045060658579","20.0","0.023310225303292895","Model1_Baseline","1751867902588","1"
"Others-CCCPS119a","2016-10-04 14:57:00","529","2803","2016-10-04T14:57:00.000000000","0.18872636460934714","20.0","0.009436318230467358","Model1_Baseline","1751867903732","1"
"Others-CCCPS105a","2016-10-04 16:04:00","1175","2009","2016-10-04T16:04:00.000000000","0.584868093578895","20.0","0.02924340467894475","Model1_Baseline","1751867903732","1"
"BHMNCPNST01","2016-10-04 15:30:00","338","485","2016-10-04T15:30:00.000000000","0.6969072164948453","20.0","0.034845360824742266","Model1_Baseline","1751867903732","1"
"BHMMBMMBX01","2016-10-04 14:57:00","593","687","2016-10-04T14:57:00.000000000","0.8631732168850073","20.0","0.043158660844250366","Model1_Baseline","1751867903732","1"
"Others-CCCPS135a","2016-10-04 14:29:00","3113","3883","2016-10-04T14:29:00.000000000","0.8016997167138811","20.0","0.04008498583569406","Model1_Baseline","1751867903732","1"
"Others-CCCPS98","2016-10-04 16:04:00","1019","3103","2016-10-04T16:04:00.000000000","0.32839187882694165","20.0","0.016419593941347083","Model1_Baseline","1751867903732","1"
"Others-CCCPS202","2016-10-04 16:04:00","1121","2937","2016-10-04T16:04:00.000000000","0.38168198842356144","20.0","0.019084099421178072","Model1_Baseline","1751867903732","1"
"Others-CCCPS202","2016-10-04 14:57:00","1267","2937","2016-10-04T14:57:00.000000000","0.4313925774599932","20.0","0.021569628872999663","Model1_Baseline","1751867903732","1"
"Others-CCCPS119a","2016-10-04 16:31:00","406","2803","2016-10-04T16:31:00.000000000","0.1448448091330717","20.0","0.007242240456653586","Model1_Baseline","1751867903732","1"
"BHMBCCMKT01","2016-10-04 14:29:00","215","577","2016-10-04T14:29:00.000000000","0.37261698440207974","20.0","0.01863084922010399","Model1_Baseline","1751867903732","1"
"BHMMBMMBX01","2016-10-04 16:04:00","511","687","2016-10-04T16:04:00.000000000","0.7438136826783115","20.0","0.037190684133915575","Model1_Baseline","1751867903732","1"
"Shopping","2016-10-04 14:29:00","1429","1920","2016-10-04T14:29:00.000000000","0.7442708333333333","20.0","0.03721354166666667","Model1_Baseline","1751867903732","1"
"BHMBCCMKT01","2016-10-04 14:57:00","192","577","2016-10-04T14:57:00.000000000","0.3327556325823224","20.0","0.01663778162911612","Model1_Baseline","1751867903732","1"
"BHMNCPHST01","2016-10-04 14:29:00","760","1200","2016-10-04T14:29:00.000000000","0.6333333333333333","20.0","0.03166666666666667","Model1_Baseline","1751867903732","1"
"BHMEURBRD01","2016-10-04 16:04:00","376","470","2016-10-04T16:04:00.000000000","0.8","20.0","0.04000000000000001","Model1_Baseline","1751867903732","1"
"Broad Street","2016-10-04 14:57:00","606","690","2016-10-04T14:57:00.000000000","0.8782608695652174","20.0","0.043913043478260874","Model1_Baseline","1751867903732","1"
"BHMNCPNST01","2016-10-04 14:57:00","354","485","2016-10-04T14:57:00.000000000","0.7298969072164948","20.0","0.03649484536082474","Model1_Baseline","1751867903732","1"
"Broad Street","2016-10-04 14:29:00","621","690","2016-10-04T14:29:00.000000000","0.9","20.0","0.045000000000000005","Model1_Baseline","1751867903732","1"
"Others-CCCPS8","2016-10-04 15:30:00","716","1322","2016-10-04T15:30:00.000000000","0.5416036308623298","20.0","0.02708018154311649","Model1_Baseline","1751867903732","1"
"Others-CCCPS98","2016-10-04 14:57:00","1169","3103","2016-10-04T14:57:00.000000000","0.37673219465033836","20.0","0.01883660973251692","Model1_Baseline","1751867903732","1"
"Others-CCCPS135a","2016-10-04 15:30:00","2839","3883","2016-10-04T15:30:00.000000000","0.731135719804275","20.0","0.03655678599021375","Model1_Baseline","1751867903732","1"
"BHMEURBRD01","2016-10-04 14:02:00","446","470","2016-10-04T14:02:00.000000000","0.948936170212766","20.0","0.0474468085106383","Model1_Baseline","1751867903732","1"
"BHMBCCMKT01","2016-10-04 15:30:00","165","577","2016-10-04T15:30:00.000000000","0.28596187175043325","20.0","0.014298093587521663","Model1_Baseline","1751867903732","1"
"BHMMBMMBX01","2016-10-04 14:02:00","637","687","2016-10-04T14:02:00.000000000","0.9272197962154294","20.0","0.04636098981077147","Model1_Baseline","1751867903732","1"
"Others-CCCPS8","2016-10-04 14:57:00","753","1322","2016-10-04T14:57:00.000000000","0.5695915279878971","20.0","0.028479576399394857","Model1_Baseline","1751867903732","1"
"BHMNCPHST01","2016-10-04 15:30:00","678","1200","2016-10-04T15:30:00.000000000","0.565","20.0","0.028249999999999997","Model1_Baseline","1751867903732","1"
"Shopping","2016-10-04 16:04:00","1218","1920","2016-10-04T16:04:00.000000000","0.634375","20.0","0.031718750000000004","Model1_Baseline","1751867903732","1"
"Others-CCCPS8","2016-10-04 14:02:00","815","1322","2016-10-04T14:02:00.000000000","0.6164901664145235","20.0","0.030824508320726175","Model1_Baseline","1751867903732","1"
"Others-CCCPS105a","2016-10-04 14:29:00","1420","2009","2016-10-04T14:29:00.000000000","0.7068193130910901","20.0","0.03534096565455451","Model1_Baseline","1751867903732","1"
"BHMBCCTHL01","2016-10-04 14:02:00","332","387","2016-10-04T14:02:00.000000000","0.8578811369509044","20.0","0.04289405684754522","Model1_Baseline","1751867903732","1"
"Others-CCCPS98","2016-10-04 15:30:00","1127","3103","2016-10-04T15:30:00.000000000","0.3631969062197873","20.0","0.018159845310989364","Model1_Baseline","1751867903732","1"
"Others-CCCPS105a","2016-10-04 14:02:00","1452","2009","2016-10-04T14:02:00.000000000","0.7227476356396217","20.0","0.03613738178198109","Model1_Baseline","1751867903732","1"
"BHMBCCTHL01","2016-10-04 16:31:00","245","387","2016-10-04T16:31:00.000000000","0.6330749354005168","20.0","0.031653746770025845","Model1_Baseline","1751867903732","1"
"Broad Street","2016-10-04 16:31:00","466","690","2016-10-04T16:31:00.000000000","0.6753623188405797","20.0","0.03376811594202899","Model1_Baseline","1751867903732","1"
"BHMNCPNST01","2016-10-04 14:02:00","381","485","2016-10-04T14:02:00.000000000","0.7855670103092783","20.0","0.03927835051546392","Model1_Baseline","1751867903732","1"
"Others-CCCPS8","2016-10-04 14:29:00","793","1322","2016-10-04T14:29:00.000000000","0.5998487140695915","20.0","0.029992435703479578","Model1_Baseline","1751867903732","1"
"BHMNCPHST01","2016-10-04 16:04:00","648","1200","2016-10-04T16:04:00.000000000","0.54","20.0","0.027000000000000003","Model1_Baseline","1751867903732","1"
"Others-CCCPS202","2016-10-04 15:30:00","1213","2937","2016-10-04T15:30:00.000000000","0.41300646918624445","20.0","0.020650323459312225","Model1_Baseline","1751867903732","1"
"Others-CCCPS119a","2016-10-04 14:29:00","560","2803","2016-10-04T14:29:00.000000000","0.19978594363182306","20.0","0.009989297181591153","Model1_Baseline","1751867903732","1"
"Others-CCCPS98","2016-10-04 14:02:00","1262","3103","2016-10-04T14:02:00.000000000","0.40670319046084435","20.0","0.02033515952304222","Model1_Baseline","1751867903732","1"
"Shopping","2016-10-04 16:31:00","1075","1920","2016-10-04T16:31:00.000000000","0.5598958333333334","20.0","0.02799479166666667","Model1_Baseline","1751867903732","1"
"Others-CCCPS105a","2016-10-04 15:30:00","1288","2009","2016-10-04T15:30:00.000000000","0.6411149825783972","20.0","0.03205574912891986","Model1_Baseline","1751867903732","1"
"Others-CCCPS135a","2016-10-04 14:57:00","3011","3883","2016-10-04T14:57:00.000000000","0.7754313674993562","20.0","0.03877156837496781","Model1_Baseline","1751867903732","1"
"BHMNCPHST01","2016-10-04 14:02:00","757","1200","2016-10-04T14:02:00.000000000","0.6308333333333334","20.0","0.03154166666666667","Model1_Baseline","1751867903732","1"
"Others-CCCPS98","2016-10-04 14:29:00","1238","3103","2016-10-04T14:29:00.000000000","0.39896873992910087","20.0","0.019948436996455043","Model1_Baseline","1751867903732","1"
"BHMBCCTHL01","2016-10-04 15:30:00","294","387","2016-10-04T15:30:00.000000000","0.7596899224806202","20.0","0.037984496124031014","Model1_Baseline","1751867903732","1"
"BHMBCCTHL01","2016-10-04 16:04:00","270","387","2016-10-04T16:04:00.000000000","0.6976744186046512","20.0","0.03488372093023256","Model1_Baseline","1751867903732","1"
"Shopping","2016-10-04 14:02:00","1430","1920","2016-10-04T14:02:00.000000000","0.7447916666666666","20.0","0.03723958333333333","Model1_Baseline","1751867903732","1"
"Others-CCCPS202","2016-10-04 14:29:00","1318","2937","2016-10-04T14:29:00.000000000","0.44875723527408923","20.0","0.022437861763704464","Model1_Baseline","1751867903732","1"
"Others-CCCPS8","2016-10-04 16:04:00","664","1322","2016-10-04T16:04:00.000000000","0.5022692889561271","20.0","0.025113464447806357","Model1_Baseline","1751867903732","1"
"Broad Street","2016-10-04 16:04:00","534","690","2016-10-04T16:04:00.000000000","0.7739130434782608","20.0","0.03869565217391305","Model1_Baseline","1751867903732","1"
"BHMMBMMBX01","2016-10-04 14:29:00","627","687","2016-10-04T14:29:00.000000000","0.9126637554585153","20.0","0.04563318777292577","Model1_Baseline","1751867903732","1"
"BHMNCPHST01","2016-10-04 14:57:00","727","1200","2016-10-04T14:57:00.000000000","0.6058333333333333","20.0","0.030291666666666668","Model1_Baseline","1751867903732","1"
"BHMBCCTHL01","2016-10-04 14:29:00","322","387","2016-10-04T14:29:00.000000000","0.8320413436692506","20.0","0.041602067183462536","Model1_Baseline","1751867903732","1"
"BHMEURBRD01","2016-10-04 15:30:00","411","470","2016-10-04T15:30:00.000000000","0.874468085106383","20.0","0.04372340425531915","Model1_Baseline","1751867903732","1"
"Others-CCCPS105a","2016-10-04 16:31:00","1089","2009","2016-10-04T16:31:00.000000000","0.5420607267297163","20.0","0.027103036336485815","Model1_Baseline","1751867903732","1"
"BHMNCPNST01","2016-10-04 16:04:00","317","485","2016-10-04T16:04:00.000000000","0.6536082474226804","20.0","0.032680412371134025","Model1_Baseline","1751867903732","1"
"BHMBCCMKT01","2016-10-04 16:31:00","143","577","2016-10-04T16:31:00.000000000","0.24783362218370883","20.0","0.012391681109185442","Model1_Baseline","1751867903732","1"
"BHMMBMMBX01","2016-10-04 15:30:00","572","687","2016-10-04T15:30:00.000000000","0.8326055312954876","20.0","0.04163027656477439","Model1_Baseline","1751867903732","1"
"BHMBCCTHL01","2016-10-04 14:57:00","307","387","2016-10-04T14:57:00.000000000","0.7932816537467701","20.0","0.03966408268733851","Model1_Baseline","1751867903732","1"
"Others-CCCPS135a","2016-10-04 16:04:00","2656","3883","2016-10-04T16:04:00.000000000","0.6840072109193922","20.0","0.03420036054596961","Model1_Baseline","1751867903732","1"
"BHMNCPNST01","2016-10-04 14:29:00","373","485","2016-10-04T14:29:00.000000000","0.7690721649484537","20.0","0.03845360824742269","Model1_Baseline","1751867903732","1"
"Shopping","2016-10-04 14:57:00","1381","1920","2016-10-04T14:57:00.000000000","0.7192708333333333","20.0","0.03596354166666667","Model1_Baseline","1751867903732","1"
"BHMBCCMKT01","2016-10-04 14:02:00","238","577","2016-10-04T14:02:00.000000000","0.4124783362218371","20.0","0.020623916811091856","Model1_Baseline","1751867903732","1"
"BHMBCCMKT01","2016-10-04 16:04:00","162","577","2016-10-04T16:04:00.000000000","0.2807625649913345","20.0","0.014038128249566725","Model1_Baseline","1751867903732","1"
"Others-CCCPS135a","2016-10-04 16:31:00","2359","3883","2016-10-04T16:31:00.000000000","0.6075199587947463","20.0","0.030375997939737318","Model1_Baseline","1751867903732","1"
"BHMEURBRD01","2016-10-04 14:57:00","426","470","2016-10-04T14:57:00.000000000","0.9063829787234042","20.0","0.045319148936170214","Model1_Baseline","1751867903732","1"
"Others-CCCPS105a","2016-10-04 14:57:00","1346","2009","2016-10-04T14:57:00.000000000","0.6699850671976108","20.0","0.03349925335988054","Model1_Baseline","1751867903732","1"
"Broad Street","2016-10-04 14:02:00","639","690","2016-10-04T14:02:00.000000000","0.9260869565217391","20.0","0.04630434782608696","Model1_Baseline","1751867903732","1"
"Others-CCCPS98","2016-10-04 16:31:00","936","3103","2016-10-04T16:31:00.000000000","0.30164357073799547","20.0","0.015082178536899775","Model1_Baseline","1751867903732","1"
"Others-CCCPS135a","2016-10-04 14:02:00","3145","3883","2016-10-04T14:02:00.000000000","0.8099407674478496","20.0","0.040497038372392484","Model1_Baseline","1751867903732","1"
"BHMEURBRD01","2016-10-04 14:29:00","433","470","2016-10-04T14:29:00.000000000","0.9212765957446809","20.0","0.04606382978723405","Model1_Baseline","1751867903732","1"
"Others-CCCPS119a","2016-10-04 15:30:00","511","2803","2016-10-04T15:30:00.000000000","0.18230467356403854","20.0","0.009115233678201927","Model1_Baseline","1751867903732","1"
"Broad Street","2016-10-04 15:30:00","581","690","2016-10-04T15:30:00.000000000","0.8420289855072464","20.0","0.04210144927536232","Model1_Baseline","1751867903732","1"
"Others-CCCPS202","2016-10-04 16:31:00","1015","2937","2016-10-04T16:31:00.000000000","0.3455907388491658","20.0","0.01727953694245829","Model1_Baseline","1751867903732","1"
"Others-CCCPS202","2016-10-04 14:02:00","1352","2937","2016-10-04T14:02:00.000000000","0.4603336738168199","20.0","0.023016683690840995","Model1_Baseline","1751867903732","1"
"Others-CCCPS8","2016-10-04 16:31:00","618","1322","2016-10-04T16:31:00.000000000","0.46747352496217853","20.0","0.02337367624810893","Model1_Baseline","1751867903732","1"
"Shopping","2016-10-04 15:30:00","1300","1920","2016-10-04T15:30:00.000000000","0.6770833333333334","20.0","0.03385416666666667","Model1_Baseline","1751867903732","1"
"Others-CCCPS119a","2016-10-04 16:04:00","461","2803","2016-10-04T16:04:00.000000000","0.16446664288262575","20.0","0.008223332144131288","Model1_Baseline","1751867903732","1"
"Others-CCCPS105a","2016-10-05 10:30:00","1339","2009","2016-10-05T10:30:00.000000000","0.6665007466401195","20.0","0.03332503733200597","Model1_Baseline","1751867904994","1"
"Shopping","2016-10-05 09:30:00","1138","1920","2016-10-05T09:30:00.000000000","0.5927083333333333","20.0","0.029635416666666664","Model1_Baseline","1751867904994","1"
"BHMMBMMBX01","2016-10-04 16:31:00","471","687","2016-10-04T16:31:00.000000000","0.6855895196506551","20.0","0.03427947598253275","Model1_Baseline","1751867904994","1"
"BHMNCPHST01","2016-10-04 16:31:00","565","1200","2016-10-04T16:31:00.000000000","0.4708333333333333","20.0","0.02354166666666667","Model1_Baseline","1751867904994","1"
"Broad Street","2016-10-05 08:30:00","294","690","2016-10-05T08:30:00.000000000","0.4260869565217391","20.0","0.021304347826086957","Model1_Baseline","1751867904994","1"
"BHMMBMMBX01","2016-10-05 07:57:00","282","687","2016-10-05T07:57:00.000000000","0.4104803493449782","20.0","0.020524017467248912","Model1_Baseline","1751867904994","1"
"Others-CCCPS8","2016-10-05 10:30:00","761","1322","2016-10-05T10:30:00.000000000","0.575642965204236","20.0","0.0287821482602118","Model1_Baseline","1751867904994","1"
"BHMNCPNST01","2016-10-05 08:30:00","273","485","2016-10-05T08:30:00.000000000","0.5628865979381443","20.0","0.028144329896907218","Model1_Baseline","1751867904994","1"
"Others-CCCPS135a","2016-10-05 08:30:00","1599","3883","2016-10-05T08:30:00.000000000","0.41179500386299256","20.0","0.02058975019314963","Model1_Baseline","1751867904994","1"
"BHMMBMMBX01","2016-10-05 09:30:00","464","687","2016-10-05T09:30:00.000000000","0.6754002911208151","20.0","0.033770014556040756","Model1_Baseline","1751867904994","1"
"BHMBCCTHL01","2016-10-05 10:04:00","310","387","2016-10-05T10:04:00.000000000","0.8010335917312662","20.0","0.04005167958656331","Model1_Baseline","1751867904994","1"
"Others-CCCPS8","2016-10-05 09:30:00","626","1322","2016-10-05T09:30:00.000000000","0.4735249621785174","20.0","0.023676248108925872","Model1_Baseline","1751867904994","1"
"BHMEURBRD01","2016-10-05 10:30:00","404","470","2016-10-05T10:30:00.000000000","0.8595744680851064","20.0","0.04297872340425532","Model1_Baseline","1751867904994","1"
"Others-CCCPS119a","2016-10-05 07:57:00","246","2803","2016-10-05T07:57:00.000000000","0.08776311095255084","20.0","0.004388155547627542","Model1_Baseline","1751867904994","1"
"BHMBCCMKT01","2016-10-05 10:30:00","128","577","2016-10-05T10:30:00.000000000","0.2218370883882149","20.0","0.011091854419410746","Model1_Baseline","1751867904994","1"
"BHMNCPHST01","2016-10-05 09:04:00","470","1200","2016-10-05T09:04:00.000000000","0.39166666666666666","20.0","0.019583333333333335","Model1_Baseline","1751867904994","1"
"Others-CCCPS8","2016-10-05 10:04:00","710","1322","2016-10-05T10:04:00.000000000","0.5370650529500757","20.0","0.026853252647503784","Model1_Baseline","1751867904994","1"
"BHMMBMMBX01","2016-10-05 08:30:00","330","687","2016-10-05T08:30:00.000000000","0.48034934497816595","20.0","0.024017467248908297","Model1_Baseline","1751867904994","1"
"Others-CCCPS202","2016-10-05 10:30:00","1288","2937","2016-10-05T10:30:00.000000000","0.43854273067756216","20.0","0.021927136533878108","Model1_Baseline","1751867904994","1"
"BHMNCPNST01","2016-10-05 09:30:00","317","485","2016-10-05T09:30:00.000000000","0.6536082474226804","20.0","0.032680412371134025","Model1_Baseline","1751867904994","1"
"BHMEURBRD01","2016-10-05 09:30:00","347","470","2016-10-05T09:30:00.000000000","0.7382978723404255","20.0","0.03691489361702128","Model1_Baseline","1751867904994","1"
"Others-CCCPS105a","2016-10-05 08:30:00","817","2009","2016-10-05T08:30:00.000000000","0.4066699850671976","20.0","0.02033349925335988","Model1_Baseline","1751867904994","1"
"Others-CCCPS105a","2016-10-05 09:04:00","949","2009","2016-10-05T09:04:00.000000000","0.4723743155798905","20.0","0.023618715778994527","Model1_Baseline","1751867904994","1"
"Broad Street","2016-10-05 10:30:00","598","690","2016-10-05T10:30:00.000000000","0.8666666666666667","20.0","0.043333333333333335","Model1_Baseline","1751867904994","1"
"BHMBCCMKT01","2016-10-05 07:57:00","54","577","2016-10-05T07:57:00.000000000","0.09358752166377816","20.0","0.004679376083188909","Model1_Baseline","1751867904994","1"
"Others-CCCPS98","2016-10-05 09:30:00","1003","3103","2016-10-05T09:30:00.000000000","0.323235578472446","20.0","0.016161778923622302","Model1_Baseline","1751867904994","1"
"Shopping","2016-10-05 10:30:00","1379","1920","2016-10-05T10:30:00.000000000","0.7182291666666667","20.0","0.03591145833333333","Model1_Baseline","1751867904994","1"
"BHMEURBRD01","2016-10-05 10:04:00","383","470","2016-10-05T10:04:00.000000000","0.8148936170212766","20.0","0.040744680851063836","Model1_Baseline","1751867904994","1"
"Others-CCCPS105a","2016-10-05 09:30:00","1090","2009","2016-10-05T09:30:00.000000000","0.5425584868093579","20.0","0.027127924340467898","Model1_Baseline","1751867904994","1"
"Others-CCCPS98","2016-10-05 10:04:00","1112","3103","2016-10-05T10:04:00.000000000","0.35836287463744765","20.0","0.017918143731872383","Model1_Baseline","1751867904994","1"
"BHMEURBRD01","2016-10-05 07:57:00","127","470","2016-10-05T07:57:00.000000000","0.2702127659574468","20.0","0.013510638297872342","Model1_Baseline","1751867904994","1"
"Others-CCCPS98","2016-10-05 09:04:00","896","3103","2016-10-05T09:04:00.000000000","0.2887528198517564","20.0","0.014437640992587819","Model1_Baseline","1751867904994","1"
"BHMEURBRD01","2016-10-04 16:31:00","325","470","2016-10-04T16:31:00.000000000","0.6914893617021277","20.0","0.034574468085106384","Model1_Baseline","1751867904994","1"
"Others-CCCPS202","2016-10-05 08:30:00","736","2937","2016-10-05T08:30:00.000000000","0.25059584610146407","20.0","0.012529792305073204","Model1_Baseline","1751867904994","1"
"Others-CCCPS119a","2016-10-05 09:30:00","478","2803","2016-10-05T09:30:00.000000000","0.1705315733143061","20.0","0.008526578665715306","Model1_Baseline","1751867904994","1"
"BHMBCCTHL01","2016-10-05 07:57:00","146","387","2016-10-05T07:57:00.000000000","0.3772609819121447","20.0","0.018863049095607237","Model1_Baseline","1751867904994","1"
"BHMNCPHST01","2016-10-05 10:04:00","699","1200","2016-10-05T10:04:00.000000000","0.5825","20.0","0.029125","Model1_Baseline","1751867904994","1"
"Others-CCCPS135a","2016-10-05 09:30:00","2552","3883","2016-10-05T09:30:00.000000000","0.6572237960339944","20.0","0.03286118980169972","Model1_Baseline","1751867904994","1"
"BHMNCPNST01","2016-10-05 09:04:00","293","485","2016-10-05T09:04:00.000000000","0.6041237113402061","20.0","0.03020618556701031","Model1_Baseline","1751867904994","1"
"Broad Street","2016-10-05 07:57:00","180","690","2016-10-05T07:57:00.000000000","0.2608695652173913","20.0","0.013043478260869566","Model1_Baseline","1751867904994","1"
"BHMBCCMKT01","2016-10-05 09:04:00","71","577","2016-10-05T09:04:00.000000000","0.12305025996533796","20.0","0.006152512998266899","Model1_Baseline","1751867904994","1"
"Others-CCCPS98","2016-10-05 10:30:00","1182","3103","2016-10-05T10:30:00.000000000","0.3809216886883661","20.0","0.019046084434418308","Model1_Baseline","1751867904994","1"
"BHMNCPNST01","2016-10-05 10:04:00","339","485","2016-10-05T10:04:00.000000000","0.6989690721649484","20.0","0.03494845360824742","Model1_Baseline","1751867904994","1"
"BHMNCPHST01","2016-10-05 08:30:00","333","1200","2016-10-05T08:30:00.000000000","0.2775","20.0","0.013875000000000002","Model1_Baseline","1751867904994","1"
"Others-CCCPS105a","2016-10-05 07:57:00","735","2009","2016-10-05T07:57:00.000000000","0.36585365853658536","20.0","0.018292682926829267","Model1_Baseline","1751867904994","1"
"Others-CCCPS202","2016-10-05 09:30:00","1083","2937","2016-10-05T09:30:00.000000000","0.3687436159346272","20.0","0.01843718079673136","Model1_Baseline","1751867904994","1"
"Shopping","2016-10-05 09:04:00","975","1920","2016-10-05T09:04:00.000000000","0.5078125","20.0","0.025390625","Model1_Baseline","1751867904994","1"
"Others-CCCPS202","2016-10-05 09:04:00","928","2937","2016-10-05T09:04:00.000000000","0.3159686755192373","20.0","0.015798433775961865","Model1_Baseline","1751867904994","1"
"Others-CCCPS119a","2016-10-05 10:04:00","547","2803","2016-10-05T10:04:00.000000000","0.19514805565465573","20.0","0.009757402782732787","Model1_Baseline","1751867904994","1"
"BHMEURBRD01","2016-10-05 08:30:00","201","470","2016-10-05T08:30:00.000000000","0.4276595744680851","20.0","0.021382978723404257","Model1_Baseline","1751867904994","1"
"BHMNCPNST01","2016-10-05 10:30:00","355","485","2016-10-05T10:30:00.000000000","0.7319587628865979","20.0","0.0365979381443299","Model1_Baseline","1751867904994","1"
"Shopping","2016-10-05 07:57:00","602","1920","2016-10-05T07:57:00.000000000","0.31354166666666666","20.0","0.015677083333333335","Model1_Baseline","1751867904994","1"
"Others-CCCPS8","2016-10-05 08:30:00","487","1322","2016-10-05T08:30:00.000000000","0.36838124054462934","20.0","0.018419062027231467","Model1_Baseline","1751867904994","1"
"BHMNCPHST01","2016-10-05 09:30:00","584","1200","2016-10-05T09:30:00.000000000","0.4866666666666667","20.0","0.024333333333333335","Model1_Baseline","1751867904994","1"
"BHMBCCMKT01","2016-10-05 08:30:00","59","577","2016-10-05T08:30:00.000000000","0.1022530329289428","20.0","0.005112651646447141","Model1_Baseline","1751867904994","1"
"Others-CCCPS119a","2016-10-05 08:30:00","326","2803","2016-10-05T08:30:00.000000000","0.11630396004281128","20.0","0.005815198002140564","Model1_Baseline","1751867904994","1"
"Others-CCCPS135a","2016-10-05 10:04:00","2957","3883","2016-10-05T10:04:00.000000000","0.7615245943857842","20.0","0.038076229719289215","Model1_Baseline","1751867904994","1"
"Others-CCCPS98","2016-10-05 08:30:00","760","3103","2016-10-05T08:30:00.000000000","0.24492426683854335","20.0","0.012246213341927168","Model1_Baseline","1751867904994","1"
"Broad Street","2016-10-05 09:04:00","424","690","2016-10-05T09:04:00.000000000","0.6144927536231884","20.0","0.030724637681159423","Model1_Baseline","1751867904994","1"
"BHMBCCTHL01","2016-10-05 08:30:00","169","387","2016-10-05T08:30:00.000000000","0.43669250645994834","20.0","0.021834625322997417","Model1_Baseline","1751867904994","1"
"Others-CCCPS202","2016-10-05 10:04:00","1221","2937","2016-10-05T10:04:00.000000000","0.4157303370786517","20.0","0.020786516853932586","Model1_Baseline","1751867904994","1"
"Shopping","2016-10-05 08:30:00","779","1920","2016-10-05T08:30:00.000000000","0.40572916666666664","20.0","0.020286458333333333","Model1_Baseline","1751867904994","1"
"BHMBCCTHL01","2016-10-05 09:30:00","256","387","2016-10-05T09:30:00.000000000","0.661498708010336","20.0","0.0330749354005168","Model1_Baseline","1751867904994","1"
"BHMNCPHST01","2016-10-05 07:57:00","229","1200","2016-10-05T07:57:00.000000000","0.19083333333333333","20.0","0.009541666666666667","Model1_Baseline","1751867904994","1"
"Others-CCCPS135a","2016-10-05 09:04:00","2142","3883","2016-10-05T09:04:00.000000000","0.5516353335050219","20.0","0.0275817666752511","Model1_Baseline","1751867904994","1"
"BHMNCPNST01","2016-10-05 07:57:00","268","485","2016-10-05T07:57:00.000000000","0.5525773195876289","20.0","0.027628865979381446","Model1_Baseline","1751867904994","1"
"BHMMBMMBX01","2016-10-05 09:04:00","395","687","2016-10-05T09:04:00.000000000","0.5749636098981077","20.0","0.028748180494905386","Model1_Baseline","1751867904994","1"
"Others-CCCPS8","2016-10-05 09:04:00","554","1322","2016-10-05T09:04:00.000000000","0.41906202723146746","20.0","0.020953101361573374","Model1_Baseline","1751867904994","1"
"BHMNCPNST01","2016-10-04 16:31:00","304","485","2016-10-04T16:31:00.000000000","0.6268041237113402","20.0","0.03134020618556701","Model1_Baseline","1751867904994","1"
"Others-CCCPS98","2016-10-05 07:57:00","650","3103","2016-10-05T07:57:00.000000000","0.20947470190138576","20.0","0.010473735095069289","Model1_Baseline","1751867904994","1"
"Others-CCCPS202","2016-10-05 07:57:00","594","2937","2016-10-05T07:57:00.000000000","0.20224719101123595","20.0","0.010112359550561799","Model1_Baseline","1751867904994","1"
"Shopping","2016-10-05 10:04:00","1306","1920","2016-10-05T10:04:00.000000000","0.6802083333333333","20.0","0.03401041666666667","Model1_Baseline","1751867904994","1"
"BHMEURBRD01","2016-10-05 09:04:00","283","470","2016-10-05T09:04:00.000000000","0.6021276595744681","20.0","0.03010638297872341","Model1_Baseline","1751867904994","1"
"BHMBCCMKT01","2016-10-05 09:30:00","83","577","2016-10-05T09:30:00.000000000","0.1438474870017331","20.0","0.0071923743500866555","Model1_Baseline","1751867904994","1"
"Broad Street","2016-10-05 09:30:00","510","690","2016-10-05T09:30:00.000000000","0.7391304347826086","20.0","0.03695652173913044","Model1_Baseline","1751867904994","1"
"Broad Street","2016-10-05 10:04:00","572","690","2016-10-05T10:04:00.000000000","0.8289855072463768","20.0","0.04144927536231884","Model1_Baseline","1751867904994","1"
"BHMMBMMBX01","2016-10-05 10:04:00","536","687","2016-10-05T10:04:00.000000000","0.7802037845705968","20.0","0.03901018922852984","Model1_Baseline","1751867904994","1"
"Others-CCCPS135a","2016-10-05 07:57:00","1104","3883","2016-10-05T07:57:00.000000000","0.28431625032191604","20.0","0.014215812516095803","Model1_Baseline","1751867904994","1"
"BHMBCCTHL01","2016-10-05 09:04:00","211","387","2016-10-05T09:04:00.000000000","0.5452196382428941","20.0","0.027260981912144707","Model1_Baseline","1751867904994","1"
"BHMBCCTHL01","2016-10-05 10:30:00","337","387","2016-10-05T10:30:00.000000000","0.8708010335917312","20.0","0.043540051679586564","Model1_Baseline","1751867904994","1"
"Others-CCCPS119a","2016-10-05 10:30:00","586","2803","2016-10-05T10:30:00.000000000","0.20906171958615768","20.0","0.010453085979307886","Model1_Baseline","1751867904994","1"
"Others-CCCPS8","2016-10-05 07:57:00","453","1322","2016-10-05T07:57:00.000000000","0.3426626323751891","20.0","0.017133131618759456","Model1_Baseline","1751867904994","1"
"Others-CCCPS105a","2016-10-05 10:04:00","1246","2009","2016-10-05T10:04:00.000000000","0.6202090592334495","20.0","0.031010452961672475","Model1_Baseline","1751867904994","1"
"BHMBCCMKT01","2016-10-05 10:04:00","114","577","2016-10-05T10:04:00.000000000","0.1975736568457539","20.0","0.009878682842287696","Model1_Baseline","1751867904994","1"
"Others-CCCPS119a","2016-10-05 09:04:00","419","2803","2016-10-05T09:04:00.000000000","0.14948269711023904","20.0","0.007474134855511952","Model1_Baseline","1751867904994","1"
"BHMMBMMBX01","2016-10-05 10:30:00","578","687","2016-10-05T10:30:00.000000000","0.8413391557496361","20.0","0.04206695778748181","Model1_Baseline","1751867905050","1"
"BHMNCPHST01","2016-10-05 10:30:00","736","1200","2016-10-05T10:30:00.000000000","0.6133333333333333","20.0","0.030666666666666665","Model1_Baseline","1751867905050","1"
"Others-CCCPS135a","2016-10-05 10:30:00","3117","3883","2016-10-05T10:30:00.000000000","0.8027298480556271","20.0","0.04013649240278136","Model1_Baseline","1751867905050","1"
"BHMMBMMBX01","2016-10-05 11:04:00","619","687","2016-10-05T11:04:00.000000000","0.901018922852984","20.0","0.045050946142649206","Model1_Baseline","1751867905050","1"
"Others-CCCPS8","2016-10-05 12:57:00","827","1322","2016-10-05T12:57:00.000000000","0.6255673222390318","20.0","0.03127836611195159","Model1_Baseline","1751867906136","1"
"Others-CCCPS8","2016-10-05 12:04:00","809","1322","2016-10-05T12:04:00.000000000","0.6119515885022693","20.0","0.030597579425113465","Model1_Baseline","1751867906136","1"
"Others-CCCPS135a","2016-10-05 11:30:00","3194","3883","2016-10-05T11:30:00.000000000","0.822559876384239","20.0","0.04112799381921195","Model1_Baseline","1751867906136","1"
"Others-CCCPS98","2016-10-05 11:30:00","1259","3103","2016-10-05T11:30:00.000000000","0.4057363841443764","20.0","0.020286819207218823","Model1_Baseline","1751867906136","1"
"BHMBCCMKT01","2016-10-05 12:30:00","183","577","2016-10-05T12:30:00.000000000","0.317157712305026","20.0","0.0158578856152513","Model1_Baseline","1751867906136","1"
"Others-CCCPS105a","2016-10-05 12:04:00","1459","2009","2016-10-05T12:04:00.000000000","0.726231956197113","20.0","0.03631159780985565","Model1_Baseline","1751867906136","1"
"Others-CCCPS202","2016-10-05 11:04:00","1330","2937","2016-10-05T11:04:00.000000000","0.4528430371127","20.0","0.022642151855635003","Model1_Baseline","1751867906136","1"
"Others-CCCPS202","2016-10-05 12:30:00","1371","2937","2016-10-05T12:30:00.000000000","0.466802860061287","20.0","0.02334014300306435","Model1_Baseline","1751867906136","1"
"Others-CCCPS135a","2016-10-05 12:30:00","3190","3883","2016-10-05T12:30:00.000000000","0.8215297450424929","20.0","0.04107648725212465","Model1_Baseline","1751867906136","1"
"Others-CCCPS202","2016-10-05 11:30:00","1340","2937","2016-10-05T11:30:00.000000000","0.45624787197820904","20.0","0.022812393598910453","Model1_Baseline","1751867906136","1"
"Others-CCCPS202","2016-10-05 12:04:00","1359","2937","2016-10-05T12:04:00.000000000","0.4627170582226762","20.0","0.023135852911133813","Model1_Baseline","1751867906136","1"
"Others-CCCPS119a","2016-10-05 12:30:00","580","2803","2016-10-05T12:30:00.000000000","0.20692115590438814","20.0","0.010346057795219408","Model1_Baseline","1751867906136","1"
"Shopping","2016-10-05 12:04:00","1446","1920","2016-10-05T12:04:00.000000000","0.753125","20.0","0.03765625","Model1_Baseline","1751867906136","1"
"BHMBCCMKT01","2016-10-05 12:04:00","178","577","2016-10-05T12:04:00.000000000","0.30849220103986136","20.0","0.015424610051993068","Model1_Baseline","1751867906136","1"
"BHMBCCTHL01","2016-10-05 11:04:00","339","387","2016-10-05T11:04:00.000000000","0.875968992248062","20.0","0.043798449612403104","Model1_Baseline","1751867906136","1"
"BHMNCPHST01","2016-10-05 12:30:00","770","1200","2016-10-05T12:30:00.000000000","0.6416666666666667","20.0","0.03208333333333334","Model1_Baseline","1751867906136","1"
"Broad Street","2016-10-05 12:30:00","662","690","2016-10-05T12:30:00.000000000","0.9594202898550724","20.0","0.04797101449275362","Model1_Baseline","1751867906136","1"
"BHMNCPHST01","2016-10-05 12:57:00","756","1200","2016-10-05T12:57:00.000000000","0.63","20.0","0.0315","Model1_Baseline","1751867906136","1"
"BHMNCPNST01","2016-10-05 12:04:00","369","485","2016-10-05T12:04:00.000000000","0.7608247422680412","20.0","0.038041237113402064","Model1_Baseline","1751867906136","1"
"Shopping","2016-10-05 11:04:00","1410","1920","2016-10-05T11:04:00.000000000","0.734375","20.0","0.03671875","Model1_Baseline","1751867906136","1"
"Broad Street","2016-10-05 12:04:00","653","690","2016-10-05T12:04:00.000000000","0.946376811594203","20.0","0.04731884057971015","Model1_Baseline","1751867906136","1"
"Others-CCCPS105a","2016-10-05 12:57:00","1490","2009","2016-10-05T12:57:00.000000000","0.741662518666003","20.0","0.03708312593330015","Model1_Baseline","1751867906136","1"
"Others-CCCPS119a","2016-10-05 11:30:00","593","2803","2016-10-05T11:30:00.000000000","0.21155904388155547","20.0","0.010577952194077775","Model1_Baseline","1751867906136","1"
"BHMNCPNST01","2016-10-05 12:57:00","373","485","2016-10-05T12:57:00.000000000","0.7690721649484537","20.0","0.03845360824742269","Model1_Baseline","1751867906136","1"
"BHMMBMMBX01","2016-10-05 11:30:00","640","687","2016-10-05T11:30:00.000000000","0.9315866084425036","20.0","0.046579330422125184","Model1_Baseline","1751867906136","1"
"BHMMBMMBX01","2016-10-05 12:30:00","661","687","2016-10-05T12:30:00.000000000","0.9621542940320232","20.0","0.04810771470160116","Model1_Baseline","1751867906136","1"
"Shopping","2016-10-05 12:57:00","1418","1920","2016-10-05T12:57:00.000000000","0.7385416666666667","20.0","0.03692708333333333","Model1_Baseline","1751867906136","1"
"BHMNCPNST01","2016-10-05 11:30:00","366","485","2016-10-05T11:30:00.000000000","0.7546391752577319","20.0","0.0377319587628866","Model1_Baseline","1751867906136","1"
"Others-CCCPS119a","2016-10-05 11:04:00","603","2803","2016-10-05T11:04:00.000000000","0.21512665001783804","20.0","0.010756332500891903","Model1_Baseline","1751867906136","1"
"Others-CCCPS98","2016-10-05 12:04:00","1264","3103","2016-10-05T12:04:00.000000000","0.4073477280051563","20.0","0.020367386400257814","Model1_Baseline","1751867906136","1"
"BHMNCPHST01","2016-10-05 12:04:00","779","1200","2016-10-05T12:04:00.000000000","0.6491666666666667","20.0","0.03245833333333333","Model1_Baseline","1751867906136","1"
"Others-CCCPS105a","2016-10-05 11:04:00","1411","2009","2016-10-05T11:04:00.000000000","0.7023394723743156","20.0","0.03511697361871578","Model1_Baseline","1751867906136","1"
"Broad Street","2016-10-05 11:04:00","624","690","2016-10-05T11:04:00.000000000","0.9043478260869565","20.0","0.04521739130434783","Model1_Baseline","1751867906136","1"
"Others-CCCPS98","2016-10-05 11:04:00","1250","3103","2016-10-05T11:04:00.000000000","0.4028359651949726","20.0","0.02014179825974863","Model1_Baseline","1751867906136","1"
"Others-CCCPS8","2016-10-05 12:30:00","811","1322","2016-10-05T12:30:00.000000000","0.613464447806354","20.0","0.030673222390317702","Model1_Baseline","1751867906136","1"
"Others-CCCPS119a","2016-10-05 12:04:00","582","2803","2016-10-05T12:04:00.000000000","0.20763467713164466","20.0","0.010381733856582233","Model1_Baseline","1751867906136","1"
"BHMNCPHST01","2016-10-05 11:04:00","757","1200","2016-10-05T11:04:00.000000000","0.6308333333333334","20.0","0.03154166666666667","Model1_Baseline","1751867906136","1"
"Others-CCCPS105a","2016-10-05 11:30:00","1436","2009","2016-10-05T11:30:00.000000000","0.7147834743653559","20.0","0.0357391737182678","Model1_Baseline","1751867906136","1"
"BHMMBMMBX01","2016-10-05 12:04:00","650","687","2016-10-05T12:04:00.000000000","0.9461426491994177","20.0","0.04730713245997089","Model1_Baseline","1751867906136","1"
"Broad Street","2016-10-05 11:30:00","634","690","2016-10-05T11:30:00.000000000","0.9188405797101449","20.0","0.04594202898550725","Model1_Baseline","1751867906136","1"
"Others-CCCPS8","2016-10-05 11:04:00","792","1322","2016-10-05T11:04:00.000000000","0.5990922844175491","20.0","0.02995461422087746","Model1_Baseline","1751867906136","1"
"BHMBCCTHL01","2016-10-05 11:30:00","340","387","2016-10-05T11:30:00.000000000","0.8785529715762274","20.0","0.043927648578811374","Model1_Baseline","1751867906136","1"
"BHMEURBRD01","2016-10-05 11:30:00","429","470","2016-10-05T11:30:00.000000000","0.9127659574468086","20.0","0.04563829787234043","Model1_Baseline","1751867906136","1"
"BHMNCPNST01","2016-10-05 11:04:00","367","485","2016-10-05T11:04:00.000000000","0.756701030927835","20.0","0.03783505154639175","Model1_Baseline","1751867906136","1"
"BHMBCCMKT01","2016-10-05 11:30:00","162","577","2016-10-05T11:30:00.000000000","0.2807625649913345","20.0","0.014038128249566725","Model1_Baseline","1751867906136","1"
"Others-CCCPS135a","2016-10-05 12:04:00","3213","3883","2016-10-05T12:04:00.000000000","0.8274530002575329","20.0","0.04137265001287665","Model1_Baseline","1751867906136","1"
"BHMBCCTHL01","2016-10-05 12:30:00","336","387","2016-10-05T12:30:00.000000000","0.8682170542635659","20.0","0.043410852713178294","Model1_Baseline","1751867906136","1"
"Shopping","2016-10-05 12:30:00","1437","1920","2016-10-05T12:30:00.000000000","0.7484375","20.0","0.037421875","Model1_Baseline","1751867906136","1"
"Others-CCCPS105a","2016-10-05 12:30:00","1472","2009","2016-10-05T12:30:00.000000000","0.732702837232454","20.0","0.0366351418616227","Model1_Baseline","1751867906136","1"
"BHMBCCMKT01","2016-10-05 11:04:00","148","577","2016-10-05T11:04:00.000000000","0.2564991334488735","20.0","0.012824956672443676","Model1_Baseline","1751867906136","1"
"Others-CCCPS202","2016-10-05 12:57:00","1381","2937","2016-10-05T12:57:00.000000000","0.47020769492679604","20.0","0.023510384746339805","Model1_Baseline","1751867906136","1"
"Shopping","2016-10-05 11:30:00","1430","1920","2016-10-05T11:30:00.000000000","0.7447916666666666","20.0","0.03723958333333333","Model1_Baseline","1751867906136","1"
"BHMEURBRD01","2016-10-05 12:04:00","447","470","2016-10-05T12:04:00.000000000","0.951063829787234","20.0","0.047553191489361706","Model1_Baseline","1751867906136","1"
"BHMEURBRD01","2016-10-05 12:30:00","450","470","2016-10-05T12:30:00.000000000","0.9574468085106383","20.0","0.04787234042553192","Model1_Baseline","1751867906136","1"
"Others-CCCPS98","2016-10-05 12:30:00","1278","3103","2016-10-05T12:30:00.000000000","0.41185949081534","20.0","0.020592974540767","Model1_Baseline","1751867906136","1"
"BHMBCCTHL01","2016-10-05 12:57:00","343","387","2016-10-05T12:57:00.000000000","0.8863049095607235","20.0","0.044315245478036176","Model1_Baseline","1751867906136","1"
"BHMEURBRD01","2016-10-05 11:04:00","420","470","2016-10-05T11:04:00.000000000","0.8936170212765957","20.0","0.04468085106382979","Model1_Baseline","1751867906136","1"
"Others-CCCPS135a","2016-10-05 11:04:00","3177","3883","2016-10-05T11:04:00.000000000","0.8181818181818182","20.0","0.040909090909090916","Model1_Baseline","1751867906136","1"
"Others-CCCPS8","2016-10-05 11:30:00","796","1322","2016-10-05T11:30:00.000000000","0.6021180030257186","20.0","0.030105900151285933","Model1_Baseline","1751867906136","1"
"Others-CCCPS135a","2016-10-05 12:57:00","3145","3883","2016-10-05T12:57:00.000000000","0.8099407674478496","20.0","0.040497038372392484","Model1_Baseline","1751867906136","1"
"BHMNCPNST01","2016-10-05 12:17:00","376","485","2016-10-05T12:17:00.000000000","0.7752577319587629","20.0","0.03876288659793815","Model1_Baseline","1751867906136","1"
"BHMEURBRD01","2016-10-05 12:57:00","451","470","2016-10-05T12:57:00.000000000","0.9595744680851064","20.0","0.047978723404255325","Model1_Baseline","1751867906136","1"
"BHMBCCTHL01","2016-10-05 12:04:00","337","387","2016-10-05T12:04:00.000000000","0.8708010335917312","20.0","0.043540051679586564","Model1_Baseline","1751867906136","1"
"Others-CCCPS119a","2016-10-05 12:57:00","586","2803","2016-10-05T12:57:00.000000000","0.20906171958615768","20.0","0.010453085979307886","Model1_Baseline","1751867906136","1"
"BHMNCPHST01","2016-10-05 11:30:00","774","1200","2016-10-05T11:30:00.000000000","0.645","20.0","0.03225","Model1_Baseline","1751867906136","1"
"BHMNCPHST01","2016-10-05 13:30:00","761","1200","2016-10-05T13:30:00.000000000","0.6341666666666667","20.0","0.03170833333333333","Model1_Baseline","1751867906916","1"
"Broad Street","2016-10-05 12:57:00","665","690","2016-10-05T12:57:00.000000000","0.9637681159420289","20.0","0.04818840579710145","Model1_Baseline","1751867906916","1"
"BHMEURBRD01","2016-10-05 14:30:00","447","470","2016-10-05T14:30:00.000000000","0.951063829787234","20.0","0.047553191489361706","Model1_Baseline","1751867906916","1"
"BHMBCCMKT01","2016-10-05 14:57:00","145","577","2016-10-05T14:57:00.000000000","0.2512998266897747","20.0","0.012564991334488735","Model1_Baseline","1751867906916","1"
"Others-CCCPS135a","2016-10-05 13:30:00","3146","3883","2016-10-05T13:30:00.000000000","0.8101983002832861","20.0","0.04050991501416431","Model1_Baseline","1751867906916","1"
"BHMNCPNST01","2016-10-05 13:57:00","368","485","2016-10-05T13:57:00.000000000","0.7587628865979381","20.0","0.03793814432989691","Model1_Baseline","1751867906916","1"
"Shopping","2016-10-05 14:30:00","1409","1920","2016-10-05T14:30:00.000000000","0.7338541666666667","20.0","0.03669270833333334","Model1_Baseline","1751867906916","1"
"Shopping","2016-10-05 13:30:00","1427","1920","2016-10-05T13:30:00.000000000","0.7432291666666667","20.0","0.037161458333333335","Model1_Baseline","1751867906916","1"
"Shopping","2016-10-05 13:57:00","1422","1920","2016-10-05T13:57:00.000000000","0.740625","20.0","0.03703125","Model1_Baseline","1751867906916","1"
"Others-CCCPS98","2016-10-05 14:57:00","1135","3103","2016-10-05T14:57:00.000000000","0.3657750563970351","20.0","0.018288752819851758","Model1_Baseline","1751867906916","1"
"BHMMBMMBX01","2016-10-05 13:30:00","638","687","2016-10-05T13:30:00.000000000","0.9286754002911208","20.0","0.04643377001455604","Model1_Baseline","1751867906916","1"
"BHMBCCTHL01","2016-10-05 14:30:00","336","387","2016-10-05T14:30:00.000000000","0.8682170542635659","20.0","0.043410852713178294","Model1_Baseline","1751867906916","1"
"Others-CCCPS135a","2016-10-05 13:57:00","3140","3883","2016-10-05T13:57:00.000000000","0.808653103270667","20.0","0.04043265516353335","Model1_Baseline","1751867906916","1"
"BHMBCCTHL01","2016-10-05 13:57:00","345","387","2016-10-05T13:57:00.000000000","0.8914728682170543","20.0","0.044573643410852716","Model1_Baseline","1751867906916","1"
"Others-CCCPS202","2016-10-05 13:57:00","1375","2937","2016-10-05T13:57:00.000000000","0.4681647940074906","20.0","0.023408239700374533","Model1_Baseline","1751867906916","1"
"Others-CCCPS202","2016-10-05 14:30:00","1350","2937","2016-10-05T14:30:00.000000000","0.45965270684371806","20.0","0.022982635342185906","Model1_Baseline","1751867906916","1"
"BHMMBMMBX01","2016-10-05 14:30:00","620","687","2016-10-05T14:30:00.000000000","0.9024745269286754","20.0","0.04512372634643377","Model1_Baseline","1751867906916","1"
"Others-CCCPS8","2016-10-05 13:30:00","824","1322","2016-10-05T13:30:00.000000000","0.6232980332829047","20.0","0.031164901664145234","Model1_Baseline","1751867906916","1"
"BHMNCPNST01","2016-10-05 13:30:00","372","485","2016-10-05T13:30:00.000000000","0.7670103092783506","20.0","0.03835051546391753","Model1_Baseline","1751867906916","1"
"BHMBCCMKT01","2016-10-05 13:30:00","179","577","2016-10-05T13:30:00.000000000","0.31022530329289427","20.0","0.015511265164644714","Model1_Baseline","1751867906916","1"
"Others-CCCPS105a","2016-10-05 14:30:00","1414","2009","2016-10-05T14:30:00.000000000","0.7038327526132404","20.0","0.03519163763066202","Model1_Baseline","1751867906916","1"
"BHMMBMMBX01","2016-10-05 13:57:00","635","687","2016-10-05T13:57:00.000000000","0.9243085880640466","20.0","0.046215429403202335","Model1_Baseline","1751867906916","1"
"BHMNCPHST01","2016-10-05 14:30:00","767","1200","2016-10-05T14:30:00.000000000","0.6391666666666667","20.0","0.03195833333333333","Model1_Baseline","1751867906916","1"
"BHMNCPHST01","2016-10-05 13:57:00","764","1200","2016-10-05T13:57:00.000000000","0.6366666666666667","20.0","0.03183333333333334","Model1_Baseline","1751867906916","1"
"BHMEURBRD01","2016-10-05 13:30:00","454","470","2016-10-05T13:30:00.000000000","0.9659574468085106","20.0","0.048297872340425534","Model1_Baseline","1751867906916","1"
"Others-CCCPS119a","2016-10-05 14:30:00","547","2803","2016-10-05T14:30:00.000000000","0.19514805565465573","20.0","0.009757402782732787","Model1_Baseline","1751867906916","1"
"Others-CCCPS98","2016-10-05 14:30:00","1192","3103","2016-10-05T14:30:00.000000000","0.3841443764099259","20.0","0.019207218820496294","Model1_Baseline","1751867906916","1"
"BHMBCCMKT01","2016-10-05 14:30:00","158","577","2016-10-05T14:30:00.000000000","0.2738301559792028","20.0","0.01369150779896014","Model1_Baseline","1751867906916","1"
"BHMBCCTHL01","2016-10-05 14:57:00","326","387","2016-10-05T14:57:00.000000000","0.8423772609819121","20.0","0.04211886304909561","Model1_Baseline","1751867906916","1"
"BHMBCCTHL01","2016-10-05 13:30:00","345","387","2016-10-05T13:30:00.000000000","0.8914728682170543","20.0","0.044573643410852716","Model1_Baseline","1751867906916","1"
"Others-CCCPS98","2016-10-05 13:57:00","1237","3103","2016-10-05T13:57:00.000000000","0.3986464711569449","20.0","0.019932323557847246","Model1_Baseline","1751867906916","1"
"Broad Street","2016-10-05 13:30:00","669","690","2016-10-05T13:30:00.000000000","0.9695652173913043","20.0","0.04847826086956522","Model1_Baseline","1751867906916","1"
"Others-CCCPS105a","2016-10-05 13:57:00","1453","2009","2016-10-05T13:57:00.000000000","0.7232453957192633","20.0","0.036162269785963166","Model1_Baseline","1751867906916","1"
"Others-CCCPS8","2016-10-05 14:30:00","794","1322","2016-10-05T14:30:00.000000000","0.6006051437216339","20.0","0.030030257186081696","Model1_Baseline","1751867906916","1"
"Others-CCCPS105a","2016-10-05 14:57:00","1355","2009","2016-10-05T14:57:00.000000000","0.6744649079143853","20.0","0.03372324539571927","Model1_Baseline","1751867906916","1"
"Broad Street","2016-10-05 14:30:00","653","690","2016-10-05T14:30:00.000000000","0.946376811594203","20.0","0.04731884057971015","Model1_Baseline","1751867906916","1"
"Others-CCCPS105a","2016-10-05 13:30:00","1462","2009","2016-10-05T13:30:00.000000000","0.7277252364360378","20.0","0.036386261821801894","Model1_Baseline","1751867906916","1"
"Broad Street","2016-10-05 13:57:00","662","690","2016-10-05T13:57:00.000000000","0.9594202898550724","20.0","0.04797101449275362","Model1_Baseline","1751867906916","1"
"BHMMBMMBX01","2016-10-05 12:57:00","663","687","2016-10-05T12:57:00.000000000","0.9650655021834061","20.0","0.04825327510917031","Model1_Baseline","1751867906916","1"
"BHMBCCMKT01","2016-10-05 12:57:00","175","577","2016-10-05T12:57:00.000000000","0.30329289428076256","20.0","0.015164644714038129","Model1_Baseline","1751867906916","1"
"BHMEURBRD01","2016-10-05 13:57:00","455","470","2016-10-05T13:57:00.000000000","0.9680851063829787","20.0","0.04840425531914894","Model1_Baseline","1751867906916","1"
"Others-CCCPS135a","2016-10-05 14:30:00","3072","3883","2016-10-05T14:30:00.000000000","0.7911408704609838","20.0","0.039557043523049194","Model1_Baseline","1751867906916","1"
"BHMNCPNST01","2016-10-05 14:30:00","361","485","2016-10-05T14:30:00.000000000","0.7443298969072165","20.0","0.037216494845360826","Model1_Baseline","1751867906916","1"
"Others-CCCPS119a","2016-10-05 13:57:00","579","2803","2016-10-05T13:57:00.000000000","0.2065643952907599","20.0","0.010328219764537995","Model1_Baseline","1751867906916","1"
"Others-CCCPS202","2016-10-05 13:30:00","1386","2937","2016-10-05T13:30:00.000000000","0.47191011235955055","20.0","0.02359550561797753","Model1_Baseline","1751867906916","1"
"Others-CCCPS8","2016-10-05 13:57:00","818","1322","2016-10-05T13:57:00.000000000","0.6187594553706506","20.0","0.03093797276853253","Model1_Baseline","1751867906916","1"
"Others-CCCPS119a","2016-10-05 13:30:00","583","2803","2016-10-05T13:30:00.000000000","0.20799143774527293","20.0","0.010399571887263648","Model1_Baseline","1751867906916","1"
"BHMBCCMKT01","2016-10-05 13:57:00","174","577","2016-10-05T13:57:00.000000000","0.30155979202772965","20.0","0.015077989601386482","Model1_Baseline","1751867906916","1"
"Others-CCCPS98","2016-10-05 13:30:00","1248","3103","2016-10-05T13:30:00.000000000","0.4021914276506606","20.0","0.020109571382533033","Model1_Baseline","1751867906916","1"
"Others-CCCPS119a","2016-10-05 14:57:00","521","2803","2016-10-05T14:57:00.000000000","0.18587227970032108","20.0","0.009293613985016054","Model1_Baseline","1751867906916","1"
"Shopping","2016-10-05 14:57:00","1378","1920","2016-10-05T14:57:00.000000000","0.7177083333333333","20.0","0.03588541666666666","Model1_Baseline","1751867906916","1"
"Others-CCCPS98","2016-10-05 12:57:00","1279","3103","2016-10-05T12:57:00.000000000","0.412181759587496","20.0","0.0206090879793748","Model1_Baseline","1751867906916","1"
